timeStamp,elapsed,label,responseCode,responseMessage,threadName,dataType,success,failureMessage,bytes,sentBytes,grpThreads,allThreads,URL,Latency,IdleTime,Connect
1587669123445,17492,GET RSS,200,OK,GET RSS 1-8,text,true,,170129,178,37,37,https://rss-app.azurewebsites.net/rss,17310,0,197
1587669119833,21378,GET RSS,200,OK,GET RSS 1-2,text,true,,170129,178,36,36,https://rss-app.azurewebsites.net/rss,21127,0,263
1587669122833,19090,GET RSS,200,OK,GET RSS 1-7,text,true,,170129,178,36,36,https://rss-app.azurewebsites.net/rss,18435,0,180
1587669124045,18415,GET RSS,200,OK,GET RSS 1-9,text,true,,170129,178,36,36,https://rss-app.azurewebsites.net/rss,17584,0,212
1587669124639,17929,GET RSS,200,OK,GET RSS 1-10,text,true,,170129,178,35,35,https://rss-app.azurewebsites.net/rss,16878,0,524
1587669125247,17594,GET RSS,200,OK,GET RSS 1-11,text,true,,170129,178,35,35,https://rss-app.azurewebsites.net/rss,17165,0,489
1587669121031,22093,GET RSS,200,OK,GET RSS 1-4,text,true,,170129,178,34,34,https://rss-app.azurewebsites.net/rss,21289,0,390
1587669120432,22762,GET RSS,200,OK,GET RSS 1-3,text,true,,170129,178,33,33,https://rss-app.azurewebsites.net/rss,21084,0,176
1587669121632,21735,GET RSS,200,OK,GET RSS 1-5,text,true,,170129,178,33,33,https://rss-app.azurewebsites.net/rss,19853,0,221
1587669119246,24307,GET RSS,200,OK,GET RSS 1-1,text,true,,170129,178,32,32,https://rss-app.azurewebsites.net/rss,22781,0,399
1587669127646,23208,GET RSS,200,OK,GET RSS 1-15,text,true,,170129,178,43,43,https://rss-app.azurewebsites.net/rss,22907,0,252
1587669125846,25661,GET RSS,200,OK,GET RSS 1-12,text,true,,170129,178,43,43,https://rss-app.azurewebsites.net/rss,25386,0,232
1587669128245,23873,GET RSS,200,OK,GET RSS 1-16,text,true,,170129,178,43,43,https://rss-app.azurewebsites.net/rss,23647,0,841
1587669128846,23397,GET RSS,200,OK,GET RSS 1-17,text,true,,170129,178,43,43,https://rss-app.azurewebsites.net/rss,23127,0,333
1587669129446,22870,GET RSS,200,OK,GET RSS 1-18,text,true,,170129,178,42,42,https://rss-app.azurewebsites.net/rss,22583,0,349
1587669126437,25891,GET RSS,200,OK,GET RSS 1-13,text,true,,170129,178,41,41,https://rss-app.azurewebsites.net/rss,25541,0,235
1587669127047,25363,GET RSS,200,OK,GET RSS 1-14,text,true,,170129,178,40,40,https://rss-app.azurewebsites.net/rss,25038,0,195
1587669130045,23089,GET RSS,200,OK,GET RSS 1-19,text,true,,170129,178,40,40,https://rss-app.azurewebsites.net/rss,22802,0,440
1587669130646,22504,GET RSS,200,OK,GET RSS 1-20,text,true,,170129,178,39,39,https://rss-app.azurewebsites.net/rss,22223,0,262
1587669131247,22806,GET RSS,200,OK,GET RSS 1-21,text,true,,170129,178,40,40,https://rss-app.azurewebsites.net/rss,22574,0,495
1587669132447,22717,GET RSS,200,OK,GET RSS 1-23,text,true,,170129,178,40,40,https://rss-app.azurewebsites.net/rss,22523,0,271
1587669133046,28102,GET RSS,200,OK,GET RSS 1-24,text,true,,170129,178,49,49,https://rss-app.azurewebsites.net/rss,27751,0,239
1587669131847,29488,GET RSS,200,OK,GET RSS 1-22,text,true,,170129,178,49,49,https://rss-app.azurewebsites.net/rss,28511,0,859
1587669134838,26741,GET RSS,200,OK,GET RSS 1-27,text,true,,170129,178,48,48,https://rss-app.azurewebsites.net/rss,26508,0,265
1587669133647,28007,GET RSS,200,OK,GET RSS 1-25,text,true,,170129,178,47,47,https://rss-app.azurewebsites.net/rss,27705,0,342
1587669135436,26257,GET RSS,200,OK,GET RSS 1-28,text,true,,170129,178,46,46,https://rss-app.azurewebsites.net/rss,25461,0,186
1587669134247,27615,GET RSS,200,OK,GET RSS 1-26,text,true,,170129,178,46,46,https://rss-app.azurewebsites.net/rss,27382,0,224
1587669136640,25444,GET RSS,200,OK,GET RSS 1-30,text,true,,170129,178,45,45,https://rss-app.azurewebsites.net/rss,25237,0,737
1587669137240,25074,GET RSS,200,OK,GET RSS 1-31,text,true,,170129,178,44,44,https://rss-app.azurewebsites.net/rss,24868,0,233
1587669136037,26530,GET RSS,200,OK,GET RSS 1-29,text,true,,170129,178,44,44,https://rss-app.azurewebsites.net/rss,26286,0,1249
1587669138446,25669,GET RSS,200,OK,GET RSS 1-33,text,true,,170129,178,45,45,https://rss-app.azurewebsites.net/rss,25337,0,279
1587669137846,26790,GET RSS,200,OK,GET RSS 1-32,text,true,,170129,178,45,45,https://rss-app.azurewebsites.net/rss,26450,0,215
1587669139647,28552,GET RSS,200,OK,GET RSS 1-35,text,true,,170129,178,50,50,https://rss-app.azurewebsites.net/rss,28381,0,241
1587669142041,28515,GET RSS,200,OK,GET RSS 1-39,text,true,,170129,178,53,53,https://rss-app.azurewebsites.net/rss,28204,0,616
1587669139060,31616,GET RSS,200,OK,GET RSS 1-34,text,true,,170129,178,52,52,https://rss-app.azurewebsites.net/rss,29803,0,264
1587669140841,31280,GET RSS,200,OK,GET RSS 1-37,text,true,,170129,178,54,54,https://rss-app.azurewebsites.net/rss,29759,0,290
1587669141441,30951,GET RSS,200,OK,GET RSS 1-38,text,true,,170129,178,53,53,https://rss-app.azurewebsites.net/rss,29150,0,824
1587669143239,29550,GET RSS,200,OK,GET RSS 1-41,text,true,,170129,178,53,53,https://rss-app.azurewebsites.net/rss,28683,0,339
1587669142641,30241,GET RSS,200,OK,GET RSS 1-40,text,true,,170129,178,52,52,https://rss-app.azurewebsites.net/rss,29272,0,224
1587669143844,29447,GET RSS,200,OK,GET RSS 1-42,text,true,,170129,178,52,52,https://rss-app.azurewebsites.net/rss,28080,0,220
1587669144439,29550,GET RSS,200,OK,GET RSS 1-43,text,true,,170129,178,52,52,https://rss-app.azurewebsites.net/rss,28727,0,191
1587669140241,34017,GET RSS,200,OK,GET RSS 1-36,text,true,,170129,178,51,51,https://rss-app.azurewebsites.net/rss,29366,0,173
1587669145040,32379,GET RSS,200,OK,GET RSS 1-44,text,true,,170129,178,55,55,https://rss-app.azurewebsites.net/rss,31516,0,224
1587669146239,32191,GET RSS,200,OK,GET RSS 1-46,text,true,,170129,178,56,56,https://rss-app.azurewebsites.net/rss,31856,0,318
1587669145639,33329,GET RSS,200,OK,GET RSS 1-45,text,true,,170129,178,56,56,https://rss-app.azurewebsites.net/rss,31969,0,594
1587669146851,32820,GET RSS,200,OK,GET RSS 1-47,text,true,,170129,178,56,56,https://rss-app.azurewebsites.net/rss,31464,0,206
1587669147440,32356,GET RSS,200,OK,GET RSS 1-48,text,true,,170129,178,55,55,https://rss-app.azurewebsites.net/rss,31631,0,176
1587669148643,31478,GET RSS,200,OK,GET RSS 1-50,text,true,,170129,178,55,55,https://rss-app.azurewebsites.net/rss,31077,0,1056
1587669149843,30341,GET RSS,200,OK,GET RSS 1-52,text,true,,170129,178,54,54,https://rss-app.azurewebsites.net/rss,29937,0,368
1587669148041,32549,GET RSS,200,OK,GET RSS 1-49,text,true,,170129,178,54,54,https://rss-app.azurewebsites.net/rss,32192,0,1525
1587669149241,31449,GET RSS,200,OK,GET RSS 1-51,text,true,,170129,178,53,53,https://rss-app.azurewebsites.net/rss,30136,0,579
1587669151641,33759,GET RSS,200,OK,GET RSS 1-55,text,true,,170129,178,60,60,https://rss-app.azurewebsites.net/rss,33304,0,179
1587669152869,33203,GET RSS,200,OK,GET RSS 1-57,text,true,,170129,178,60,60,https://rss-app.azurewebsites.net/rss,32909,0,281
1587669151041,35036,GET RSS,200,OK,GET RSS 1-54,text,true,,170129,178,59,59,https://rss-app.azurewebsites.net/rss,33815,0,224
1587669150441,36130,GET RSS,200,OK,GET RSS 1-53,text,true,,170129,178,59,59,https://rss-app.azurewebsites.net/rss,32173,0,217
1587669152241,34656,GET RSS,200,OK,GET RSS 1-56,text,true,,170129,178,58,58,https://rss-app.azurewebsites.net/rss,34379,0,243
1587669153446,34035,GET RSS,200,OK,GET RSS 1-58,text,true,,170129,178,58,58,https://rss-app.azurewebsites.net/rss,33361,0,227
1587669154041,33739,GET RSS,200,OK,GET RSS 1-59,text,true,,170129,178,58,58,https://rss-app.azurewebsites.net/rss,33477,0,217
1587669155241,32815,GET RSS,200,OK,GET RSS 1-61,text,true,,170129,178,57,57,https://rss-app.azurewebsites.net/rss,32546,0,233
1587669154642,33918,GET RSS,200,OK,GET RSS 1-60,text,true,,170129,178,57,57,https://rss-app.azurewebsites.net/rss,33659,0,145
1587669155841,35335,GET RSS,200,OK,GET RSS 1-62,text,true,,173127,178,60,60,https://rss-app.azurewebsites.net/rss,34776,0,223
1587669156442,35894,GET RSS,200,OK,GET RSS 1-63,text,true,,169096,178,61,61,https://rss-app.azurewebsites.net/rss,35588,0,190
1587669157642,36816,GET RSS,200,OK,GET RSS 1-65,text,true,,169096,178,64,64,https://rss-app.azurewebsites.net/rss,35879,0,200
1587669157043,37765,GET RSS,200,OK,GET RSS 1-64,text,true,,169096,178,63,63,https://rss-app.azurewebsites.net/rss,36515,0,233
1587669159442,36063,GET RSS,200,OK,GET RSS 1-68,text,true,,169096,178,64,64,https://rss-app.azurewebsites.net/rss,35719,0,1113
1587669160642,35078,GET RSS,200,OK,GET RSS 1-70,text,true,,169096,178,63,63,https://rss-app.azurewebsites.net/rss,34716,0,232
1587669161241,34850,GET RSS,200,OK,GET RSS 1-71,text,true,,169096,178,63,63,https://rss-app.azurewebsites.net/rss,34556,0,322
1587669161842,36771,GET RSS,200,OK,GET RSS 1-72,text,true,,169096,178,66,66,https://rss-app.azurewebsites.net/rss,36527,0,209
1587669160042,39867,GET RSS,200,OK,GET RSS 1-69,text,true,,169096,178,67,67,https://rss-app.azurewebsites.net/rss,39328,0,2473
1587669162442,38796,GET RSS,200,OK,GET RSS 1-73,text,true,,169096,178,68,68,https://rss-app.azurewebsites.net/rss,38222,0,269
1587669163642,38343,GET RSS,200,OK,GET RSS 1-75,text,true,,169096,178,68,68,https://rss-app.azurewebsites.net/rss,38088,0,377
1587669164242,38693,GET RSS,200,OK,GET RSS 1-76,text,true,,169096,178,69,69,https://rss-app.azurewebsites.net/rss,38479,0,301
1587669163043,40996,GET RSS,200,OK,GET RSS 1-74,text,true,,169096,178,70,70,https://rss-app.azurewebsites.net/rss,40744,0,837
1587669164844,41046,GET RSS,200,OK,GET RSS 1-77,text,true,,169096,178,72,72,https://rss-app.azurewebsites.net/rss,40304,0,222
1587669166648,39509,GET RSS,200,OK,GET RSS 1-80,text,true,,169096,178,71,71,https://rss-app.azurewebsites.net/rss,38938,0,165
1587669166043,40420,GET RSS,200,OK,GET RSS 1-79,text,true,,169096,178,71,71,https://rss-app.azurewebsites.net/rss,39916,0,173
1587669167245,39391,GET RSS,200,OK,GET RSS 1-81,text,true,,169096,178,70,70,https://rss-app.azurewebsites.net/rss,39109,0,176
1587669165445,41863,GET RSS,200,OK,GET RSS 1-78,text,true,,169096,178,70,70,https://rss-app.azurewebsites.net/rss,41050,0,236
1587669169049,38351,GET RSS,200,OK,GET RSS 1-84,text,true,,169096,178,69,69,https://rss-app.azurewebsites.net/rss,38111,0,632
1587669167845,39730,GET RSS,200,OK,GET RSS 1-82,text,true,,169096,178,69,69,https://rss-app.azurewebsites.net/rss,39533,0,186
1587669168448,42506,GET RSS,200,OK,GET RSS 1-83,text,true,,169096,178,73,73,https://rss-app.azurewebsites.net/rss,41737,0,1284
1587669169646,41922,GET RSS,200,OK,GET RSS 1-85,text,true,,169096,178,73,73,https://rss-app.azurewebsites.net/rss,41690,0,436
1587669170246,43037,GET RSS,200,OK,GET RSS 1-86,text,true,,169096,178,75,75,https://rss-app.azurewebsites.net/rss,42529,0,310
1587669171446,42867,GET RSS,200,OK,GET RSS 1-88,text,true,,169096,178,76,76,https://rss-app.azurewebsites.net/rss,42658,0,866
1587669172067,42864,GET RSS,200,OK,GET RSS 1-89,text,true,,169096,178,76,76,https://rss-app.azurewebsites.net/rss,42651,0,1034
1587669173246,41731,GET RSS,200,OK,GET RSS 1-91,text,true,,169096,178,75,75,https://rss-app.azurewebsites.net/rss,41472,0,705
1587669173845,41539,GET RSS,200,OK,GET RSS 1-92,text,true,,169096,178,75,75,https://rss-app.azurewebsites.net/rss,41295,0,566
1587669174447,41119,GET RSS,200,OK,GET RSS 1-93,text,true,,169096,178,74,74,https://rss-app.azurewebsites.net/rss,40910,0,365
1587669172645,44174,GET RSS,200,OK,GET RSS 1-90,text,true,,169096,178,75,75,https://rss-app.azurewebsites.net/rss,43682,0,2461
1587669175050,42520,GET RSS,200,OK,GET RSS 1-94,text,true,,169096,178,75,75,https://rss-app.azurewebsites.net/rss,42187,0,314
1587669175644,45061,GET RSS,200,OK,GET RSS 1-95,text,true,,169096,178,80,80,https://rss-app.azurewebsites.net/rss,44323,0,429
1587669176250,45101,GET RSS,200,OK,GET RSS 1-96,text,true,,169096,178,80,80,https://rss-app.azurewebsites.net/rss,43868,0,355
1587669177445,44679,GET RSS,200,OK,GET RSS 1-98,text,true,,169096,178,80,80,https://rss-app.azurewebsites.net/rss,44433,0,586
1587669176846,45669,GET RSS,200,OK,GET RSS 1-97,text,true,,169096,178,80,80,https://rss-app.azurewebsites.net/rss,45440,0,997
1587669182844,40609,GET RSS,200,OK,GET RSS 1-107,text,true,,257,178,80,80,https://rss-app.azurewebsites.net/rss,40609,0,2586
1587669180444,43628,GET RSS,200,OK,GET RSS 1-103,text,true,,169096,178,80,80,https://rss-app.azurewebsites.net/rss,43421,0,468
1587669178647,45444,GET RSS,200,OK,GET RSS 1-100,text,true,,169096,178,79,79,https://rss-app.azurewebsites.net/rss,45265,0,339
1587669179248,44855,GET RSS,200,OK,GET RSS 1-101,text,true,,169096,178,78,78,https://rss-app.azurewebsites.net/rss,44668,0,648
1587669178048,46159,GET RSS,200,OK,GET RSS 1-99,text,true,,169096,178,77,77,https://rss-app.azurewebsites.net/rss,45953,0,352
1587669179849,46182,GET RSS,200,OK,GET RSS 1-102,text,true,,169096,178,79,79,https://rss-app.azurewebsites.net/rss,45868,0,358
1587669181045,45719,GET RSS,200,OK,GET RSS 1-104,text,true,,169096,178,80,80,https://rss-app.azurewebsites.net/rss,44857,0,1203
1587669183445,45022,GET RSS,200,OK,GET RSS 1-108,text,true,,169096,178,82,82,https://rss-app.azurewebsites.net/rss,44842,0,1278
1587669184645,45958,GET RSS,200,OK,GET RSS 1-110,text,true,,169096,178,84,84,https://rss-app.azurewebsites.net/rss,45715,0,243
1587669184046,46615,GET RSS,200,OK,GET RSS 1-109,text,true,,169096,178,83,83,https://rss-app.azurewebsites.net/rss,46412,0,764
1587669186445,46250,GET RSS,200,OK,GET RSS 1-113,text,true,,169096,178,86,86,https://rss-app.azurewebsites.net/rss,45978,0,282
1587669185843,48101,GET RSS,200,OK,GET RSS 1-112,text,true,,169096,178,87,87,https://rss-app.azurewebsites.net/rss,46916,0,322
1587669187644,46658,GET RSS,200,OK,GET RSS 1-115,text,true,,169096,178,86,86,https://rss-app.azurewebsites.net/rss,46478,0,348
1587669185244,50598,GET RSS,200,OK,GET RSS 1-111,text,true,,169096,178,88,88,https://rss-app.azurewebsites.net/rss,49079,0,279
1587669187046,49236,GET RSS,200,OK,GET RSS 1-114,text,true,,169096,178,88,88,https://rss-app.azurewebsites.net/rss,48424,0,602
1587669188844,47746,GET RSS,200,OK,GET RSS 1-117,text,true,,169096,178,87,87,https://rss-app.azurewebsites.net/rss,46780,0,301
1587669189444,47534,GET RSS,200,OK,GET RSS 1-118,text,true,,169096,178,87,87,https://rss-app.azurewebsites.net/rss,46689,0,205
1587669188245,48776,GET RSS,200,OK,GET RSS 1-116,text,true,,169096,178,86,86,https://rss-app.azurewebsites.net/rss,47378,0,249
1587669190643,48912,GET RSS,200,OK,GET RSS 1-120,text,true,,169096,178,89,89,https://rss-app.azurewebsites.net/rss,48646,0,256
1587669190047,51133,GET RSS,200,OK,GET RSS 1-119,text,true,,169096,178,91,91,https://rss-app.azurewebsites.net/rss,50888,0,191
1587669191243,50493,GET RSS,200,OK,GET RSS 1-121,text,true,,169096,178,91,91,https://rss-app.azurewebsites.net/rss,50266,0,221
1587669192444,50846,GET RSS,200,OK,GET RSS 1-123,text,true,,169096,178,92,92,https://rss-app.azurewebsites.net/rss,50632,0,232
1587669191844,51808,GET RSS,200,OK,GET RSS 1-122,text,true,,169096,178,92,92,https://rss-app.azurewebsites.net/rss,51521,0,214
1587669194842,49613,GET RSS,200,OK,GET RSS 1-127,text,true,,169096,178,92,92,https://rss-app.azurewebsites.net/rss,49392,0,581
1587669193043,51444,GET RSS,200,OK,GET RSS 1-124,text,true,,169096,178,91,91,https://rss-app.azurewebsites.net/rss,51270,0,660
1587669195443,49460,GET RSS,200,OK,GET RSS 1-128,text,true,,169096,178,91,91,https://rss-app.azurewebsites.net/rss,49171,0,497
1587669193644,51267,GET RSS,200,OK,GET RSS 1-125,text,true,,169096,178,90,90,https://rss-app.azurewebsites.net/rss,50992,0,1140
1587669196043,49021,GET RSS,200,OK,GET RSS 1-129,text,true,,169096,178,89,89,https://rss-app.azurewebsites.net/rss,48704,0,267
1587669194244,51240,GET RSS,200,OK,GET RSS 1-126,text,true,,169096,178,89,89,https://rss-app.azurewebsites.net/rss,51064,0,2489
1587669196643,51927,GET RSS,200,OK,GET RSS 1-130,text,true,,169096,178,93,93,https://rss-app.azurewebsites.net/rss,51746,0,461
1587669197244,52911,GET RSS,200,OK,GET RSS 1-131,text,true,,169096,178,95,95,https://rss-app.azurewebsites.net/rss,52737,0,500
1587669197843,53590,GET RSS,200,OK,GET RSS 1-132,text,true,,170605,178,96,96,https://rss-app.azurewebsites.net/rss,53422,0,305
1587669199043,53568,GET RSS,200,OK,GET RSS 1-134,text,true,,170605,178,97,97,https://rss-app.azurewebsites.net/rss,53301,0,205
1587669198444,54317,GET RSS,200,OK,GET RSS 1-133,text,true,,170605,178,96,96,https://rss-app.azurewebsites.net/rss,54049,0,188
1587669199643,53693,GET RSS,200,OK,GET RSS 1-135,text,true,,170605,178,96,96,https://rss-app.azurewebsites.net/rss,53292,0,304
1587669202641,50727,GET RSS,200,OK,GET RSS 1-140,text,true,,170605,178,95,95,https://rss-app.azurewebsites.net/rss,50439,0,227
1587669202042,52483,GET RSS,200,OK,GET RSS 1-139,text,true,,170605,178,96,96,https://rss-app.azurewebsites.net/rss,52187,0,500
1587669200839,53907,GET RSS,200,OK,GET RSS 1-137,text,true,,170605,178,95,95,https://rss-app.azurewebsites.net/rss,53535,0,2428
1587669200240,54506,GET RSS,200,OK,GET RSS 1-136,text,true,,170605,178,95,95,https://rss-app.azurewebsites.net/rss,54060,0,264
1587669201439,53535,GET RSS,200,OK,GET RSS 1-138,text,true,,170605,178,94,94,https://rss-app.azurewebsites.net/rss,53257,0,330
1587669203242,53621,GET RSS,200,OK,GET RSS 1-141,text,true,,170605,178,96,96,https://rss-app.azurewebsites.net/rss,53447,0,376
1587669203843,54869,GET RSS,200,OK,GET RSS 1-142,text,true,,170605,178,98,98,https://rss-app.azurewebsites.net/rss,54192,0,903
1587669204442,55771,GET RSS,200,OK,GET RSS 1-143,text,true,,170605,178,99,99,https://rss-app.azurewebsites.net/rss,55120,0,1063
1587669205639,55541,GET RSS,200,OK,GET RSS 1-145,text,true,,170605,178,100,100,https://rss-app.azurewebsites.net/rss,55327,0,554
1587669205039,57495,GET RSS,200,OK,GET RSS 1-144,text,true,,170605,178,101,101,https://rss-app.azurewebsites.net/rss,57354,0,688
1587669206240,56764,GET RSS,200,OK,GET RSS 1-146,text,true,,170605,178,101,101,https://rss-app.azurewebsites.net/rss,56539,0,292
1587669209242,54126,GET RSS,200,OK,GET RSS 1-151,text,true,,170605,178,101,101,https://rss-app.azurewebsites.net/rss,53736,0,373
1587669206841,56539,GET RSS,200,OK,GET RSS 1-147,text,true,,170605,178,100,100,https://rss-app.azurewebsites.net/rss,56225,0,170
1587669207442,55965,GET RSS,200,OK,GET RSS 1-148,text,true,,170605,178,99,99,https://rss-app.azurewebsites.net/rss,55661,0,207
1587669208641,55561,GET RSS,200,OK,GET RSS 1-150,text,true,,170605,178,99,99,https://rss-app.azurewebsites.net/rss,55277,0,206
1587669208042,56667,GET RSS,200,OK,GET RSS 1-149,text,true,,170605,178,99,99,https://rss-app.azurewebsites.net/rss,56458,0,199
1587669209842,57642,GET RSS,200,OK,GET RSS 1-152,text,true,,170605,178,103,103,https://rss-app.azurewebsites.net/rss,57100,0,267
1587669210442,57105,GET RSS,200,OK,GET RSS 1-153,text,true,,170605,178,102,102,https://rss-app.azurewebsites.net/rss,56843,0,276
1587669211041,58454,GET RSS,200,OK,GET RSS 1-154,text,true,,170605,178,104,104,https://rss-app.azurewebsites.net/rss,58105,0,279
1587669211643,59004,GET RSS,200,OK,GET RSS 1-155,text,true,,170605,178,105,105,https://rss-app.azurewebsites.net/rss,58719,0,268
1587669212242,59077,GET RSS,200,OK,GET RSS 1-156,text,true,,170605,178,105,105,https://rss-app.azurewebsites.net/rss,58739,0,299
1587669214642,56872,GET RSS,200,OK,GET RSS 1-160,text,true,,170605,178,104,104,https://rss-app.azurewebsites.net/rss,56481,0,225
1587669212843,58689,GET RSS,200,OK,GET RSS 1-157,text,true,,170268,178,103,103,https://rss-app.azurewebsites.net/rss,58360,0,454
1587669214042,57826,GET RSS,200,OK,GET RSS 1-159,text,true,,170268,178,103,103,https://rss-app.azurewebsites.net/rss,57540,0,204
1587669215843,56059,GET RSS,200,OK,GET RSS 1-162,text,true,,170605,178,102,102,https://rss-app.azurewebsites.net/rss,55770,0,252
1587669213442,58758,GET RSS,200,OK,GET RSS 1-158,text,true,,170605,178,101,101,https://rss-app.azurewebsites.net/rss,58549,0,193
1587669215241,57111,GET RSS,200,OK,GET RSS 1-161,text,true,,170605,178,101,101,https://rss-app.azurewebsites.net/rss,56850,0,207
1587669221842,52071,GET RSS,200,OK,GET RSS 1-172,text,true,,170605,178,102,102,https://rss-app.azurewebsites.net/rss,51840,0,310
1587669223044,53619,GET RSS,200,OK,GET RSS 1-174,text,true,,10429,178,106,106,https://rss-app.azurewebsites.net/rss,53616,0,152
1587669221242,61486,GET RSS,200,OK,GET RSS 1-171,text,true,,170268,178,115,115,https://rss-app.azurewebsites.net/rss,61309,0,322
1587669220642,62883,GET RSS,200,OK,GET RSS 1-170,text,true,,170268,178,115,115,https://rss-app.azurewebsites.net/rss,62628,0,475
1587669220042,64326,GET RSS,200,OK,GET RSS 1-169,text,true,,170268,178,116,116,https://rss-app.azurewebsites.net/rss,63922,0,765
1587669218844,65649,GET RSS,200,OK,GET RSS 1-167,text,true,,170605,178,115,115,https://rss-app.azurewebsites.net/rss,65236,0,200
1587669218242,66381,GET RSS,200,OK,GET RSS 1-166,text,true,,170268,178,114,114,https://rss-app.azurewebsites.net/rss,65920,0,1284
1587669217643,67094,GET RSS,200,OK,GET RSS 1-165,text,true,,170268,178,113,113,https://rss-app.azurewebsites.net/rss,66430,0,289
1587669219443,65402,GET RSS,200,OK,GET RSS 1-168,text,true,,170268,178,112,112,https://rss-app.azurewebsites.net/rss,65022,0,452
1587669217091,67833,GET RSS,200,OK,GET RSS 1-164,text,true,,170605,178,112,112,https://rss-app.azurewebsites.net/rss,67468,0,241
1587669216432,68625,GET RSS,200,OK,GET RSS 1-163,text,true,,170268,178,111,111,https://rss-app.azurewebsites.net/rss,68128,0,488
1587669223643,61787,GET RSS,200,OK,GET RSS 1-175,text,true,,170605,178,110,110,https://rss-app.azurewebsites.net/rss,61513,0,174
1587669222443,63066,GET RSS,200,OK,GET RSS 1-173,text,true,,170268,178,110,110,https://rss-app.azurewebsites.net/rss,62144,0,253
1587669226048,66786,GET RSS,200,OK,GET RSS 1-179,text,true,,170605,178,121,121,https://rss-app.azurewebsites.net/rss,66489,0,316
1587669225442,67585,GET RSS,200,OK,GET RSS 1-178,text,true,,170605,178,120,120,https://rss-app.azurewebsites.net/rss,67249,0,485
1587669224842,68467,GET RSS,200,OK,GET RSS 1-177,text,true,,170605,178,120,120,https://rss-app.azurewebsites.net/rss,67598,0,985
1587669226643,66702,GET RSS,200,OK,GET RSS 1-180,text,true,,170605,178,119,119,https://rss-app.azurewebsites.net/rss,66391,0,252
1587669224242,69337,GET RSS,200,OK,GET RSS 1-176,text,true,,170605,178,118,118,https://rss-app.azurewebsites.net/rss,68416,0,1324
1587669228443,65387,GET RSS,200,OK,GET RSS 1-183,text,true,,170605,178,117,117,https://rss-app.azurewebsites.net/rss,65171,0,177
1587669227242,66619,GET RSS,200,OK,GET RSS 1-181,text,true,,170605,178,117,117,https://rss-app.azurewebsites.net/rss,66427,0,203
1587669227842,66231,GET RSS,200,OK,GET RSS 1-182,text,true,,170605,178,116,116,https://rss-app.azurewebsites.net/rss,65924,0,217
1587669229642,64468,GET RSS,200,OK,GET RSS 1-185,text,true,,170605,178,115,115,https://rss-app.azurewebsites.net/rss,64253,0,158
1587669230241,64158,GET RSS,200,OK,GET RSS 1-186,text,true,,170605,178,114,114,https://rss-app.azurewebsites.net/rss,63945,0,248
1587669229053,66325,GET RSS,200,OK,GET RSS 1-184,text,true,,170605,178,115,115,https://rss-app.azurewebsites.net/rss,66041,0,151
1587669232043,69614,GET RSS,200,OK,GET RSS 1-189,text,true,,170605,178,125,125,https://rss-app.azurewebsites.net/rss,68891,0,251
1587669232644,69084,GET RSS,200,OK,GET RSS 1-190,text,true,,170605,178,124,124,https://rss-app.azurewebsites.net/rss,68748,0,294
1587669230842,70906,GET RSS,200,OK,GET RSS 1-187,text,true,,170605,178,123,123,https://rss-app.azurewebsites.net/rss,70629,0,233
1587669231443,70670,GET RSS,200,OK,GET RSS 1-188,text,true,,170605,178,122,122,https://rss-app.azurewebsites.net/rss,70471,0,217
1587669233243,69120,GET RSS,200,OK,GET RSS 1-191,text,true,,170605,178,122,122,https://rss-app.azurewebsites.net/rss,68871,0,232
1587669233844,68851,GET RSS,200,OK,GET RSS 1-192,text,true,,170605,178,121,121,https://rss-app.azurewebsites.net/rss,68620,0,201
1587669235644,67977,GET RSS,200,OK,GET RSS 1-195,text,true,,170268,178,122,122,https://rss-app.azurewebsites.net/rss,67488,0,812
1587669235044,69902,GET RSS,200,OK,GET RSS 1-194,text,true,,170605,178,123,123,https://rss-app.azurewebsites.net/rss,68833,0,1238
1587669236842,68541,GET RSS,200,OK,GET RSS 1-197,text,true,,170605,178,123,123,https://rss-app.azurewebsites.net/rss,67585,0,223
1587669236268,69820,GET RSS,200,OK,GET RSS 1-196,text,true,,170605,178,123,123,https://rss-app.azurewebsites.net/rss,67692,0,324
1587669237443,71451,GET RSS,200,OK,GET RSS 1-198,text,true,,170605,178,127,127,https://rss-app.azurewebsites.net/rss,71078,0,262
1587669238043,71901,GET RSS,200,OK,GET RSS 1-199,text,true,,170605,178,127,127,https://rss-app.azurewebsites.net/rss,71571,0,198
1587669238643,71640,GET RSS,200,OK,GET RSS 1-200,text,true,,170268,178,127,127,https://rss-app.azurewebsites.net/rss,71276,0,274
1587669239244,71216,GET RSS,200,OK,GET RSS 1-201,text,true,,170605,178,126,126,https://rss-app.azurewebsites.net/rss,70909,0,229
1587669241046,70470,GET RSS,200,OK,GET RSS 1-204,text,true,,168314,178,127,127,https://rss-app.azurewebsites.net/rss,70269,0,214
1587669239844,71962,GET RSS,200,OK,GET RSS 1-202,text,true,,168314,178,126,126,https://rss-app.azurewebsites.net/rss,71760,0,255
1587669242843,69039,GET RSS,200,OK,GET RSS 1-207,text,true,,167977,178,125,125,https://rss-app.azurewebsites.net/rss,68799,0,210
1587669240445,72060,GET RSS,200,OK,GET RSS 1-203,text,true,,168952,178,126,126,https://rss-app.azurewebsites.net/rss,71795,0,247
1587669242244,70313,GET RSS,200,OK,GET RSS 1-206,text,true,,167977,178,125,125,https://rss-app.azurewebsites.net/rss,70039,0,213
1587669243445,69250,GET RSS,200,OK,GET RSS 1-208,text,true,,168952,178,124,124,https://rss-app.azurewebsites.net/rss,68836,0,207
1587669244045,73065,GET RSS,200,OK,GET RSS 1-209,text,true,,168952,178,130,130,https://rss-app.azurewebsites.net/rss,72223,0,217
1587669244644,77138,GET RSS,200,OK,GET RSS 1-210,text,true,,168952,178,137,137,https://rss-app.azurewebsites.net/rss,76087,0,777
1587669248246,73771,GET RSS,200,OK,GET RSS 1-216,text,true,,168952,178,136,136,https://rss-app.azurewebsites.net/rss,73416,0,209
1587669245246,77124,GET RSS,200,OK,GET RSS 1-211,text,true,,168952,178,136,136,https://rss-app.azurewebsites.net/rss,73120,0,161
1587669248843,73756,GET RSS,200,OK,GET RSS 1-217,text,true,,168952,178,135,135,https://rss-app.azurewebsites.net/rss,72843,0,345
1587669241642,81021,GET RSS,200,OK,GET RSS 1-205,text,true,,168952,178,135,135,https://rss-app.azurewebsites.net/rss,80660,0,409
1587669249444,73315,GET RSS,200,OK,GET RSS 1-218,text,true,,168952,178,134,134,https://rss-app.azurewebsites.net/rss,72370,0,148
1587669245846,77056,GET RSS,200,OK,GET RSS 1-212,text,true,,168952,178,133,133,https://rss-app.azurewebsites.net/rss,74958,0,169
1587669247644,75333,GET RSS,200,OK,GET RSS 1-215,text,true,,168952,178,132,132,https://rss-app.azurewebsites.net/rss,74203,0,148
1587669246445,76634,GET RSS,200,OK,GET RSS 1-213,text,true,,168952,178,131,131,https://rss-app.azurewebsites.net/rss,75481,0,159
1587669247042,76445,GET RSS,200,OK,GET RSS 1-214,text,true,,168952,178,131,131,https://rss-app.azurewebsites.net/rss,75441,0,150
1587669250044,74659,GET RSS,200,OK,GET RSS 1-219,text,true,,168952,178,132,132,https://rss-app.azurewebsites.net/rss,74416,0,183
1587669250644,75824,GET RSS,200,OK,GET RSS 1-220,text,true,,168952,178,134,134,https://rss-app.azurewebsites.net/rss,75604,0,178
1587669251245,75535,GET RSS,200,OK,GET RSS 1-221,text,true,,168952,178,133,133,https://rss-app.azurewebsites.net/rss,75286,0,184
1587669252446,75736,GET RSS,200,OK,GET RSS 1-223,text,true,,168952,178,135,135,https://rss-app.azurewebsites.net/rss,75491,0,281
1587669251845,76439,GET RSS,200,OK,GET RSS 1-222,text,true,,168952,178,134,134,https://rss-app.azurewebsites.net/rss,76210,0,243
1587669253646,76249,GET RSS,200,OK,GET RSS 1-225,text,true,,168952,178,136,136,https://rss-app.azurewebsites.net/rss,75621,0,203
1587669253045,76866,GET RSS,200,OK,GET RSS 1-224,text,true,,168952,178,135,135,https://rss-app.azurewebsites.net/rss,76225,0,374
1587669254245,76033,GET RSS,200,OK,GET RSS 1-226,text,true,,168952,178,134,134,https://rss-app.azurewebsites.net/rss,75710,0,309
1587669254847,75569,GET RSS,200,OK,GET RSS 1-227,text,true,,168952,178,133,133,https://rss-app.azurewebsites.net/rss,75302,0,276
1587669255446,76366,GET RSS,200,OK,GET RSS 1-228,text,true,,168952,178,135,135,https://rss-app.azurewebsites.net/rss,76058,0,1196
1587669256647,76825,GET RSS,200,OK,GET RSS 1-230,text,true,,168952,178,137,137,https://rss-app.azurewebsites.net/rss,76619,0,172
1587669257247,77303,GET RSS,200,OK,GET RSS 1-231,text,true,,168952,178,137,137,https://rss-app.azurewebsites.net/rss,76997,0,257
1587669260246,77827,GET RSS,200,OK,GET RSS 1-236,text,true,,168952,178,142,142,https://rss-app.azurewebsites.net/rss,77450,0,267
1587669257847,80256,GET RSS,200,OK,GET RSS 1-232,text,true,,168952,178,141,141,https://rss-app.azurewebsites.net/rss,79683,0,255
1587669258445,80393,GET RSS,200,OK,GET RSS 1-233,text,true,,168952,178,141,141,https://rss-app.azurewebsites.net/rss,79559,0,268
1587669259646,79265,GET RSS,200,OK,GET RSS 1-235,text,true,,168952,178,141,141,https://rss-app.azurewebsites.net/rss,78924,0,213
1587669259034,79884,GET RSS,200,OK,GET RSS 1-234,text,true,,168952,178,140,140,https://rss-app.azurewebsites.net/rss,79069,0,244
1587669261446,78706,GET RSS,200,OK,GET RSS 1-238,text,true,,168952,178,141,141,https://rss-app.azurewebsites.net/rss,77592,0,264
1587669260846,79911,GET RSS,200,OK,GET RSS 1-237,text,true,,168952,178,141,141,https://rss-app.azurewebsites.net/rss,79206,0,214
1587669256048,85576,GET RSS,200,OK,GET RSS 1-229,text,true,,168952,178,141,141,https://rss-app.azurewebsites.net/rss,84895,0,590
1587669262046,80069,GET RSS,200,OK,GET RSS 1-239,text,true,,168952,178,141,141,https://rss-app.azurewebsites.net/rss,79070,0,166
1587669262635,79937,GET RSS,200,OK,GET RSS 1-240,text,true,,168952,178,141,141,https://rss-app.azurewebsites.net/rss,79498,0,218
1587669263235,81206,GET RSS,200,OK,GET RSS 1-241,text,true,,168952,178,143,143,https://rss-app.azurewebsites.net/rss,79731,0,324
1587669264435,83534,GET RSS,200,OK,GET RSS 1-243,text,true,,168952,178,148,148,https://rss-app.azurewebsites.net/rss,81474,0,160
1587669265037,84002,GET RSS,200,OK,GET RSS 1-244,text,true,,168952,178,148,148,https://rss-app.azurewebsites.net/rss,82945,0,187
1587669266837,83481,GET RSS,200,OK,GET RSS 1-247,text,true,,168952,178,150,150,https://rss-app.azurewebsites.net/rss,81818,0,480
1587669267436,83381,GET RSS,200,OK,GET RSS 1-248,text,true,,168952,178,149,149,https://rss-app.azurewebsites.net/rss,81603,0,260
1587669268635,82235,GET RSS,200,OK,GET RSS 1-250,text,true,,168952,178,149,149,https://rss-app.azurewebsites.net/rss,80405,0,272
1587669265637,86716,GET RSS,200,OK,GET RSS 1-245,text,true,,168952,178,150,150,https://rss-app.azurewebsites.net/rss,81396,0,201
1587669269849,82673,GET RSS,200,OK,GET RSS 1-252,text,true,,168952,178,149,149,https://rss-app.azurewebsites.net/rss,82172,0,257
1587669263835,89403,GET RSS,200,OK,GET RSS 1-242,text,true,,168952,178,149,149,https://rss-app.azurewebsites.net/rss,81924,0,248
1587669268036,86541,GET RSS,200,OK,GET RSS 1-249,text,true,,168952,178,151,151,https://rss-app.azurewebsites.net/rss,82673,0,237
1587669271038,84341,GET RSS,200,OK,GET RSS 1-254,text,true,,168952,178,151,151,https://rss-app.azurewebsites.net/rss,84030,0,327
1587669269237,86150,GET RSS,200,OK,GET RSS 1-251,text,true,,168952,178,150,150,https://rss-app.azurewebsites.net/rss,84441,0,348
1587669270437,86152,GET RSS,200,OK,GET RSS 1-253,text,true,,168952,178,151,151,https://rss-app.azurewebsites.net/rss,85247,0,251
1587669266237,90863,GET RSS,200,OK,GET RSS 1-246,text,true,,168952,178,151,151,https://rss-app.azurewebsites.net/rss,85936,0,1051
1587669272237,84891,GET RSS,200,OK,GET RSS 1-256,text,true,,168952,178,150,150,https://rss-app.azurewebsites.net/rss,84001,0,378
1587669272840,84485,GET RSS,200,OK,GET RSS 1-257,text,true,,168952,178,149,149,https://rss-app.azurewebsites.net/rss,83918,0,230
1587669271636,85689,GET RSS,200,OK,GET RSS 1-255,text,true,,168952,178,149,149,https://rss-app.azurewebsites.net/rss,85160,0,275
1587669273440,84756,GET RSS,200,OK,GET RSS 1-258,text,true,,168952,178,149,149,https://rss-app.azurewebsites.net/rss,84502,0,237
1587669274640,84209,GET RSS,200,OK,GET RSS 1-260,text,true,,168952,178,149,149,https://rss-app.azurewebsites.net/rss,83942,0,200
1587669274041,85365,GET RSS,200,OK,GET RSS 1-259,text,true,,168952,178,149,149,https://rss-app.azurewebsites.net/rss,85106,0,230
1587669275852,83904,GET RSS,200,OK,GET RSS 1-262,text,true,,168952,178,148,148,https://rss-app.azurewebsites.net/rss,83642,0,223
1587669275251,84965,GET RSS,200,OK,GET RSS 1-261,text,true,,168952,178,148,148,https://rss-app.azurewebsites.net/rss,84794,0,191
1587669276452,86634,GET RSS,200,OK,GET RSS 1-263,text,true,,168952,178,152,152,https://rss-app.azurewebsites.net/rss,86200,0,250
1587669277052,86445,GET RSS,200,OK,GET RSS 1-264,text,true,,168952,178,152,152,https://rss-app.azurewebsites.net/rss,86183,0,170
1587669277651,87189,GET RSS,200,OK,GET RSS 1-265,text,true,,168952,178,153,153,https://rss-app.azurewebsites.net/rss,86921,0,146
1587669122232,242796,GET RSS,502,Bad Gateway,GET RSS 1-6,text,false,,1617,178,152,152,https://rss-app.azurewebsites.net/rss,242796,0,290
1587669278253,87044,GET RSS,200,OK,GET RSS 1-266,text,true,,168952,178,152,152,https://rss-app.azurewebsites.net/rss,86811,0,154
1587669279454,87151,GET RSS,200,OK,GET RSS 1-268,text,true,,168952,178,153,153,https://rss-app.azurewebsites.net/rss,86886,0,178
1587669278853,88599,GET RSS,200,OK,GET RSS 1-267,text,true,,168952,178,153,153,https://rss-app.azurewebsites.net/rss,88294,0,173
1587669280054,87402,GET RSS,200,OK,GET RSS 1-269,text,true,,168952,178,152,152,https://rss-app.azurewebsites.net/rss,87005,0,150
1587669280653,87957,GET RSS,200,OK,GET RSS 1-270,text,true,,168952,178,153,153,https://rss-app.azurewebsites.net/rss,87691,0,175
1587669281853,87396,GET RSS,200,OK,GET RSS 1-272,text,true,,168952,178,153,153,https://rss-app.azurewebsites.net/rss,87139,0,168
1587669281253,88549,GET RSS,200,OK,GET RSS 1-271,text,true,,168952,178,153,153,https://rss-app.azurewebsites.net/rss,88211,0,155
1587669282452,88066,GET RSS,200,OK,GET RSS 1-273,text,true,,168952,178,153,153,https://rss-app.azurewebsites.net/rss,87870,0,184
1587669283051,88611,GET RSS,200,OK,GET RSS 1-274,text,true,,168952,178,154,154,https://rss-app.azurewebsites.net/rss,88391,0,321
1587669283651,89221,GET RSS,200,OK,GET RSS 1-275,text,true,,167693,178,155,155,https://rss-app.azurewebsites.net/rss,88953,0,216
1587669285450,89402,GET RSS,200,OK,GET RSS 1-278,text,true,,167693,178,157,157,https://rss-app.azurewebsites.net/rss,89118,0,207
1587669286054,88968,GET RSS,200,OK,GET RSS 1-279,text,true,,167693,178,157,157,https://rss-app.azurewebsites.net/rss,88668,0,259
1587669290254,85100,GET RSS,200,OK,GET RSS 1-286,text,true,,10429,178,156,156,https://rss-app.azurewebsites.net/rss,85099,0,302
1587669284254,91153,GET RSS,200,OK,GET RSS 1-276,text,true,,167693,178,155,155,https://rss-app.azurewebsites.net/rss,90821,0,377
1587669284853,91619,GET RSS,200,OK,GET RSS 1-277,text,true,,167693,178,156,156,https://rss-app.azurewebsites.net/rss,91333,0,3226
1587669288453,89665,GET RSS,200,OK,GET RSS 1-283,text,true,,167693,178,158,158,https://rss-app.azurewebsites.net/rss,89329,0,295
1587669287251,90906,GET RSS,200,OK,GET RSS 1-281,text,true,,167693,178,157,157,https://rss-app.azurewebsites.net/rss,90555,0,830
1587669287852,90709,GET RSS,200,OK,GET RSS 1-282,text,true,,167693,178,157,157,https://rss-app.azurewebsites.net/rss,90464,0,289
1587669289052,91245,GET RSS,200,OK,GET RSS 1-284,text,true,,167693,178,159,159,https://rss-app.azurewebsites.net/rss,90993,0,282
1587669289654,91348,GET RSS,200,OK,GET RSS 1-285,text,true,,167693,178,159,159,https://rss-app.azurewebsites.net/rss,91115,0,377
1587669292054,91730,GET RSS,200,OK,GET RSS 1-289,text,true,,167693,178,162,162,https://rss-app.azurewebsites.net/rss,91558,0,394
1587669291454,92670,GET RSS,200,OK,GET RSS 1-288,text,true,,167693,178,162,162,https://rss-app.azurewebsites.net/rss,92414,0,215
1587669290853,93859,GET RSS,200,OK,GET RSS 1-287,text,true,,167693,178,162,162,https://rss-app.azurewebsites.net/rss,93464,0,265
1587669293854,91106,GET RSS,200,OK,GET RSS 1-292,text,true,,167693,178,161,161,https://rss-app.azurewebsites.net/rss,90808,0,214
1587669292653,93119,GET RSS,200,OK,GET RSS 1-290,text,true,,168030,178,162,162,https://rss-app.azurewebsites.net/rss,92834,0,252
1587669294452,92109,GET RSS,200,OK,GET RSS 1-293,text,true,,167693,178,162,162,https://rss-app.azurewebsites.net/rss,91822,0,177
1587669293254,94021,GET RSS,200,OK,GET RSS 1-291,text,true,,168030,178,162,162,https://rss-app.azurewebsites.net/rss,93736,0,231
1587669295653,92485,GET RSS,200,OK,GET RSS 1-295,text,true,,168030,178,163,163,https://rss-app.azurewebsites.net/rss,92166,0,169
1587669295053,93791,GET RSS,200,OK,GET RSS 1-294,text,true,,168030,178,163,163,https://rss-app.azurewebsites.net/rss,93074,0,262
1587669296853,93352,GET RSS,200,OK,GET RSS 1-297,text,true,,167693,178,164,164,https://rss-app.azurewebsites.net/rss,93117,0,278
1587669296252,94691,GET RSS,200,OK,GET RSS 1-296,text,true,,168030,178,164,164,https://rss-app.azurewebsites.net/rss,94413,0,223
1587669298653,95120,GET RSS,200,OK,GET RSS 1-300,text,true,,168030,178,168,168,https://rss-app.azurewebsites.net/rss,94896,0,241
1587669298052,97337,GET RSS,200,OK,GET RSS 1-299,text,true,,168030,178,170,170,https://rss-app.azurewebsites.net/rss,97143,0,213
1587669299254,99369,GET RSS,200,OK,GET RSS 1-301,text,true,,168030,178,174,174,https://rss-app.azurewebsites.net/rss,98922,0,221
1587669299854,99338,GET RSS,200,OK,GET RSS 1-302,text,true,,168030,178,174,174,https://rss-app.azurewebsites.net/rss,99095,0,310
1587669297453,102249,GET RSS,200,OK,GET RSS 1-298,text,true,,168030,178,174,174,https://rss-app.azurewebsites.net/rss,101983,0,2518
1587669301053,99103,GET RSS,200,OK,GET RSS 1-304,text,true,,168030,178,174,174,https://rss-app.azurewebsites.net/rss,98898,0,309
1587669300455,99877,GET RSS,200,OK,GET RSS 1-303,text,true,,168030,178,173,173,https://rss-app.azurewebsites.net/rss,99370,0,682
1587669302254,99322,GET RSS,200,OK,GET RSS 1-306,text,true,,168030,178,174,174,https://rss-app.azurewebsites.net/rss,98873,0,252
1587669301653,100644,GET RSS,200,OK,GET RSS 1-305,text,true,,168030,178,174,174,https://rss-app.azurewebsites.net/rss,99812,0,276
1587669302853,100835,GET RSS,200,OK,GET RSS 1-307,text,true,,168030,178,176,176,https://rss-app.azurewebsites.net/rss,100500,0,310
1587669303452,102159,GET RSS,200,OK,GET RSS 1-308,text,true,,168030,178,178,178,https://rss-app.azurewebsites.net/rss,100417,0,1037
1587669304053,101715,GET RSS,200,OK,GET RSS 1-309,text,true,,168030,178,177,177,https://rss-app.azurewebsites.net/rss,101386,0,854
1587669304652,102241,GET RSS,200,OK,GET RSS 1-310,text,true,,168030,178,178,178,https://rss-app.azurewebsites.net/rss,102062,0,623
1587669305858,102276,GET RSS,200,OK,GET RSS 1-312,text,true,,168030,178,179,179,https://rss-app.azurewebsites.net/rss,101695,0,230
1587669306453,101779,GET RSS,200,OK,GET RSS 1-313,text,true,,168030,178,178,178,https://rss-app.azurewebsites.net/rss,101408,0,271
1587669305252,103683,GET RSS,200,OK,GET RSS 1-311,text,true,,168030,178,178,178,https://rss-app.azurewebsites.net/rss,103462,0,213
1587669307054,102120,GET RSS,200,OK,GET RSS 1-314,text,true,,168030,178,178,178,https://rss-app.azurewebsites.net/rss,101862,0,252
1587669307654,102026,GET RSS,200,OK,GET RSS 1-315,text,true,,168030,178,178,178,https://rss-app.azurewebsites.net/rss,101743,0,315
1587669308253,103378,GET RSS,200,OK,GET RSS 1-316,text,true,,168030,178,180,180,https://rss-app.azurewebsites.net/rss,103003,0,274
1587669308853,102958,GET RSS,200,OK,GET RSS 1-317,text,true,,168030,178,179,179,https://rss-app.azurewebsites.net/rss,102644,0,374
1587669310056,103950,GET RSS,200,OK,GET RSS 1-319,text,true,,168030,178,182,182,https://rss-app.azurewebsites.net/rss,103693,0,404
1587669309453,106851,GET RSS,200,OK,GET RSS 1-318,text,true,,168030,178,185,185,https://rss-app.azurewebsites.net/rss,105817,0,325
1587669310653,105732,GET RSS,200,OK,GET RSS 1-320,text,true,,168030,178,184,184,https://rss-app.azurewebsites.net/rss,105202,0,322
1587669311957,104614,GET RSS,200,OK,GET RSS 1-322,text,true,,168030,178,183,183,https://rss-app.azurewebsites.net/rss,103899,0,186
1587669311254,105789,GET RSS,200,OK,GET RSS 1-321,text,true,,168030,178,183,183,https://rss-app.azurewebsites.net/rss,104867,0,173
1587669313653,105262,GET RSS,200,OK,GET RSS 1-325,text,true,,168030,178,185,185,https://rss-app.azurewebsites.net/rss,104159,0,314
1587669313053,106166,GET RSS,200,OK,GET RSS 1-324,text,true,,168030,178,184,184,https://rss-app.azurewebsites.net/rss,105292,0,324
1587669312453,106770,GET RSS,200,OK,GET RSS 1-323,text,true,,168030,178,183,183,https://rss-app.azurewebsites.net/rss,104602,0,242
1587669314256,105059,GET RSS,200,OK,GET RSS 1-326,text,true,,168030,178,182,182,https://rss-app.azurewebsites.net/rss,104699,0,221
1587669314855,106484,GET RSS,200,OK,GET RSS 1-327,text,true,,168030,178,181,181,https://rss-app.azurewebsites.net/rss,106014,0,296
1587669315458,107928,GET RSS,200,OK,GET RSS 1-328,text,true,,168030,178,180,180,https://rss-app.azurewebsites.net/rss,107636,0,298
1587669316655,107424,GET RSS,200,OK,GET RSS 1-330,text,true,,168030,178,179,179,https://rss-app.azurewebsites.net/rss,107129,0,573
1587669318454,106536,GET RSS,200,OK,GET RSS 1-333,text,true,,168030,178,178,178,https://rss-app.azurewebsites.net/rss,106026,0,2453
1587669316059,109377,GET RSS,200,OK,GET RSS 1-329,text,true,,168030,178,177,177,https://rss-app.azurewebsites.net/rss,108180,0,1152
1587669317254,108565,GET RSS,200,OK,GET RSS 1-331,text,true,,168030,178,176,176,https://rss-app.azurewebsites.net/rss,108326,0,205
1587669321458,104864,GET RSS,200,OK,GET RSS 1-338,text,true,,168030,178,175,175,https://rss-app.azurewebsites.net/rss,104621,0,387
1587669320858,106281,GET RSS,200,OK,GET RSS 1-337,text,true,,168030,178,174,174,https://rss-app.azurewebsites.net/rss,105546,0,876
1587669319658,107773,GET RSS,200,OK,GET RSS 1-335,text,true,,168030,178,173,173,https://rss-app.azurewebsites.net/rss,107437,0,2432
1587669322056,106826,GET RSS,200,OK,GET RSS 1-339,text,true,,168030,178,172,172,https://rss-app.azurewebsites.net/rss,106161,0,327
1587669320258,109330,GET RSS,200,OK,GET RSS 1-336,text,true,,168030,178,171,171,https://rss-app.azurewebsites.net/rss,109003,0,2514
1587669322656,110269,GET RSS,200,OK,GET RSS 1-340,text,true,,168030,178,170,170,https://rss-app.azurewebsites.net/rss,108864,0,204
1587669317854,116424,GET RSS,200,OK,GET RSS 1-332,text,true,,168030,178,169,169,https://rss-app.azurewebsites.net/rss,115374,0,5851
1587669323856,111056,GET RSS,200,OK,GET RSS 1-342,text,true,,168030,178,168,168,https://rss-app.azurewebsites.net/rss,110477,0,232
1587669323257,112208,GET RSS,200,OK,GET RSS 1-341,text,true,,168030,178,167,167,https://rss-app.azurewebsites.net/rss,111468,0,229
1587669324456,111132,GET RSS,200,OK,GET RSS 1-343,text,true,,168030,178,166,166,https://rss-app.azurewebsites.net/rss,110577,0,345
1587669325658,110244,GET RSS,200,OK,GET RSS 1-345,text,true,,168030,178,165,165,https://rss-app.azurewebsites.net/rss,110001,0,248
1587669326258,110181,GET RSS,200,OK,GET RSS 1-346,text,true,,168030,178,164,164,https://rss-app.azurewebsites.net/rss,109881,0,298
1587669325057,111419,GET RSS,200,OK,GET RSS 1-344,text,true,,168030,178,163,163,https://rss-app.azurewebsites.net/rss,111011,0,236
1587669327457,109297,GET RSS,200,OK,GET RSS 1-348,text,true,,168030,178,162,162,https://rss-app.azurewebsites.net/rss,109026,0,288
1587669326858,110265,GET RSS,200,OK,GET RSS 1-347,text,true,,168030,178,161,161,https://rss-app.azurewebsites.net/rss,109138,0,163
1587669328058,111230,GET RSS,200,OK,GET RSS 1-349,text,true,,168030,178,160,160,https://rss-app.azurewebsites.net/rss,109423,0,309
1587669329257,113032,GET RSS,200,OK,GET RSS 1-351,text,true,,168030,178,159,159,https://rss-app.azurewebsites.net/rss,112802,0,654
1587669328657,113817,GET RSS,200,OK,GET RSS 1-350,text,true,,168030,178,158,158,https://rss-app.azurewebsites.net/rss,113446,0,1193
1587669329857,113163,GET RSS,200,OK,GET RSS 1-352,text,true,,168030,178,157,157,https://rss-app.azurewebsites.net/rss,112758,0,352
1587669330458,114137,GET RSS,200,OK,GET RSS 1-353,text,true,,168030,178,156,156,https://rss-app.azurewebsites.net/rss,113879,0,263
1587669331059,114509,GET RSS,200,OK,GET RSS 1-354,text,true,,168030,178,155,155,https://rss-app.azurewebsites.net/rss,113872,0,408
1587669331656,114136,GET RSS,200,OK,GET RSS 1-355,text,true,,168030,178,154,154,https://rss-app.azurewebsites.net/rss,113438,0,209
1587669333457,112536,GET RSS,200,OK,GET RSS 1-358,text,true,,168030,178,153,153,https://rss-app.azurewebsites.net/rss,112199,0,296
1587669332857,113403,GET RSS,200,OK,GET RSS 1-357,text,true,,168030,178,152,152,https://rss-app.azurewebsites.net/rss,112214,0,173
1587669334059,112426,GET RSS,200,OK,GET RSS 1-359,text,true,,168030,178,151,151,https://rss-app.azurewebsites.net/rss,111563,0,212
1587669332256,114229,GET RSS,200,OK,GET RSS 1-356,text,true,,168030,178,151,151,https://rss-app.azurewebsites.net/rss,113339,0,166
1587669334657,113122,GET RSS,200,OK,GET RSS 1-360,text,true,,168030,178,149,149,https://rss-app.azurewebsites.net/rss,112918,0,289
1587669335257,117094,GET RSS,200,OK,GET RSS 1-361,text,true,,168030,178,148,148,https://rss-app.azurewebsites.net/rss,116831,0,322
1587669337658,114870,GET RSS,200,OK,GET RSS 1-365,text,true,,168030,178,147,147,https://rss-app.azurewebsites.net/rss,114655,0,365
1587669338258,116124,GET RSS,200,OK,GET RSS 1-366,text,true,,168030,178,146,146,https://rss-app.azurewebsites.net/rss,115815,0,226
1587669336458,118203,GET RSS,200,OK,GET RSS 1-363,text,true,,168030,178,145,145,https://rss-app.azurewebsites.net/rss,117781,0,2460
1587669338857,115933,GET RSS,200,OK,GET RSS 1-367,text,true,,168030,178,144,144,https://rss-app.azurewebsites.net/rss,115568,0,401
1587669340657,114189,GET RSS,200,OK,GET RSS 1-370,text,true,,168030,178,143,143,https://rss-app.azurewebsites.net/rss,113851,0,503
1587669337058,117832,GET RSS,200,OK,GET RSS 1-364,text,true,,168030,178,142,142,https://rss-app.azurewebsites.net/rss,117329,0,965
1587669339457,115654,GET RSS,200,OK,GET RSS 1-368,text,true,,168030,178,141,141,https://rss-app.azurewebsites.net/rss,115414,0,949
1587669340057,115110,GET RSS,200,OK,GET RSS 1-369,text,true,,168030,178,140,140,https://rss-app.azurewebsites.net/rss,114839,0,380
1587669341257,114810,GET RSS,200,OK,GET RSS 1-371,text,true,,168030,178,139,139,https://rss-app.azurewebsites.net/rss,114626,0,635
1587669342455,118438,GET RSS,200,OK,GET RSS 1-373,text,true,,168030,178,138,138,https://rss-app.azurewebsites.net/rss,118268,0,533
1587669343057,119291,GET RSS,200,OK,GET RSS 1-374,text,true,,168030,178,137,137,https://rss-app.azurewebsites.net/rss,119087,0,645
1587669346054,116864,GET RSS,200,OK,GET RSS 1-379,text,true,,168030,178,136,136,https://rss-app.azurewebsites.net/rss,116711,0,2067
1587669341857,121273,GET RSS,200,OK,GET RSS 1-372,text,true,,168030,178,135,135,https://rss-app.azurewebsites.net/rss,121108,0,552
1587669343657,120026,GET RSS,200,OK,GET RSS 1-375,text,true,,168030,178,134,134,https://rss-app.azurewebsites.net/rss,119725,0,395
1587669345457,118265,GET RSS,200,OK,GET RSS 1-378,text,true,,168030,178,133,133,https://rss-app.azurewebsites.net/rss,118038,0,509
1587669344257,120178,GET RSS,200,OK,GET RSS 1-376,text,true,,168030,178,132,132,https://rss-app.azurewebsites.net/rss,119964,0,330
1587669349057,115797,GET RSS,200,OK,GET RSS 1-384,text,true,,168030,178,131,131,https://rss-app.azurewebsites.net/rss,115061,0,1812
1587669344857,120565,GET RSS,200,OK,GET RSS 1-377,text,true,,168030,178,130,130,https://rss-app.azurewebsites.net/rss,119578,0,3448
1587669349656,118029,GET RSS,200,OK,GET RSS 1-385,text,true,,168030,178,129,129,https://rss-app.azurewebsites.net/rss,114984,0,2297
1587669350256,119834,GET RSS,200,OK,GET RSS 1-386,text,true,,168030,178,128,128,https://rss-app.azurewebsites.net/rss,119638,0,1727
1587669352658,119503,GET RSS,200,OK,GET RSS 1-390,text,true,,168030,178,127,127,https://rss-app.azurewebsites.net/rss,119253,0,1295
1587669351457,121105,GET RSS,200,OK,GET RSS 1-388,text,true,,168030,178,126,126,https://rss-app.azurewebsites.net/rss,120863,0,857
1587669353257,120116,GET RSS,200,OK,GET RSS 1-391,text,true,,168030,178,125,125,https://rss-app.azurewebsites.net/rss,119894,0,766
1587669352057,121494,GET RSS,200,OK,GET RSS 1-389,text,true,,168030,178,124,124,https://rss-app.azurewebsites.net/rss,120927,0,875
1587669350857,122724,GET RSS,200,OK,GET RSS 1-387,text,true,,168030,178,123,123,https://rss-app.azurewebsites.net/rss,121375,0,1252
1587669354457,119768,GET RSS,200,OK,GET RSS 1-393,text,true,,168030,178,122,122,https://rss-app.azurewebsites.net/rss,119183,0,473
1587669348458,125776,GET RSS,200,OK,GET RSS 1-383,text,true,,168030,178,121,121,https://rss-app.azurewebsites.net/rss,124568,0,3525
1587669353872,120492,GET RSS,200,OK,GET RSS 1-392,text,true,,168030,178,120,120,https://rss-app.azurewebsites.net/rss,120177,0,351
1587669347857,126842,GET RSS,200,OK,GET RSS 1-382,text,true,,168030,178,119,119,https://rss-app.azurewebsites.net/rss,126512,0,7286
1587669346657,128184,GET RSS,200,OK,GET RSS 1-380,text,true,,168030,178,118,118,https://rss-app.azurewebsites.net/rss,127391,0,7403
1587669355058,125012,GET RSS,200,OK,GET RSS 1-394,text,true,,168030,178,117,117,https://rss-app.azurewebsites.net/rss,124297,0,321
1587669356258,125698,GET RSS,200,OK,GET RSS 1-396,text,true,,168030,178,116,116,https://rss-app.azurewebsites.net/rss,124973,0,870
1587669355657,126393,GET RSS,200,OK,GET RSS 1-395,text,true,,168030,178,115,115,https://rss-app.azurewebsites.net/rss,125740,0,985
1587669356856,125393,GET RSS,200,OK,GET RSS 1-397,text,true,,168030,178,114,114,https://rss-app.azurewebsites.net/rss,124817,0,481
1587669359857,122815,GET RSS,200,OK,GET RSS 1-402,text,true,,168030,178,113,113,https://rss-app.azurewebsites.net/rss,122385,0,162
1587669358649,124038,GET RSS,200,OK,GET RSS 1-400,text,true,,168030,178,112,112,https://rss-app.azurewebsites.net/rss,123600,0,227
1587669357456,125508,GET RSS,200,OK,GET RSS 1-398,text,true,,168030,178,111,111,https://rss-app.azurewebsites.net/rss,125110,0,236
1587669358057,124935,GET RSS,200,OK,GET RSS 1-399,text,true,,168030,178,110,110,https://rss-app.azurewebsites.net/rss,124519,0,250
1587669359257,124301,GET RSS,200,OK,GET RSS 1-401,text,true,,168030,178,109,109,https://rss-app.azurewebsites.net/rss,123943,0,263
1587669360457,123475,GET RSS,200,OK,GET RSS 1-403,text,true,,168030,178,108,108,https://rss-app.azurewebsites.net/rss,121797,0,2199
1587669363456,127464,GET RSS,200,OK,GET RSS 1-408,text,true,,168030,178,107,107,https://rss-app.azurewebsites.net/rss,127215,0,721
1587669362857,128576,GET RSS,200,OK,GET RSS 1-407,text,true,,168030,178,106,106,https://rss-app.azurewebsites.net/rss,128049,0,276
1587669364656,126803,GET RSS,200,OK,GET RSS 1-410,text,true,,168030,178,105,105,https://rss-app.azurewebsites.net/rss,126467,0,255
1587669367056,124477,GET RSS,200,OK,GET RSS 1-414,text,true,,168030,178,104,104,https://rss-app.azurewebsites.net/rss,124111,0,267
1587669366457,125399,GET RSS,200,OK,GET RSS 1-413,text,true,,168030,178,103,103,https://rss-app.azurewebsites.net/rss,125192,0,209
1587669365257,126623,GET RSS,200,OK,GET RSS 1-411,text,true,,168030,178,102,102,https://rss-app.azurewebsites.net/rss,126379,0,225
1587669365856,126041,GET RSS,200,OK,GET RSS 1-412,text,true,,168030,178,101,101,https://rss-app.azurewebsites.net/rss,125789,0,188
1587669362257,129747,GET RSS,200,OK,GET RSS 1-406,text,true,,168030,178,100,100,https://rss-app.azurewebsites.net/rss,129414,0,2448
1587669364056,128083,GET RSS,200,OK,GET RSS 1-409,text,true,,168030,178,99,99,https://rss-app.azurewebsites.net/rss,127818,0,346
1587669367657,124622,GET RSS,200,OK,GET RSS 1-415,text,true,,168030,178,98,98,https://rss-app.azurewebsites.net/rss,124349,0,256
1587669370657,129397,GET RSS,200,OK,GET RSS 1-420,text,true,,169195,178,97,97,https://rss-app.azurewebsites.net/rss,129196,0,179
1587669368255,131878,GET RSS,200,OK,GET RSS 1-416,text,true,,169195,178,96,96,https://rss-app.azurewebsites.net/rss,131664,0,291
1587669368854,131372,GET RSS,200,OK,GET RSS 1-417,text,true,,169195,178,95,95,https://rss-app.azurewebsites.net/rss,131167,0,314
1587669369456,130815,GET RSS,200,OK,GET RSS 1-418,text,true,,169195,178,94,94,https://rss-app.azurewebsites.net/rss,130607,0,350
1587669371857,128424,GET RSS,200,OK,GET RSS 1-422,text,true,,169195,178,93,93,https://rss-app.azurewebsites.net/rss,128247,0,242
1587669372455,128354,GET RSS,200,OK,GET RSS 1-423,text,true,,169195,178,92,92,https://rss-app.azurewebsites.net/rss,128152,0,190
1587669370057,130857,GET RSS,200,OK,GET RSS 1-419,text,true,,169195,178,91,91,https://rss-app.azurewebsites.net/rss,130619,0,185
1587669371257,129692,GET RSS,200,OK,GET RSS 1-421,text,true,,169195,178,90,90,https://rss-app.azurewebsites.net/rss,129487,0,196
1587669373655,127900,GET RSS,200,OK,GET RSS 1-425,text,true,,169195,178,89,89,https://rss-app.azurewebsites.net/rss,127600,0,341
1587669374255,127616,GET RSS,200,OK,GET RSS 1-426,text,true,,169195,178,88,88,https://rss-app.azurewebsites.net/rss,127315,0,247
1587669373055,128837,GET RSS,200,OK,GET RSS 1-424,text,true,,169195,178,87,87,https://rss-app.azurewebsites.net/rss,128553,0,229
1587669377854,130879,GET RSS,200,OK,GET RSS 1-432,text,true,,169195,178,86,86,https://rss-app.azurewebsites.net/rss,130637,0,346
1587669375455,134504,GET RSS,200,OK,GET RSS 1-428,text,true,,169195,178,85,85,https://rss-app.azurewebsites.net/rss,133753,0,300
1587669374856,135436,GET RSS,200,OK,GET RSS 1-427,text,true,,169195,178,84,84,https://rss-app.azurewebsites.net/rss,135152,0,279
1587669376056,134268,GET RSS,200,OK,GET RSS 1-429,text,true,,169195,178,83,83,https://rss-app.azurewebsites.net/rss,133903,0,258
1587669378454,132141,GET RSS,200,OK,GET RSS 1-433,text,true,,169195,178,82,82,https://rss-app.azurewebsites.net/rss,131924,0,241
1587669377256,133453,GET RSS,200,OK,GET RSS 1-431,text,true,,169195,178,81,81,https://rss-app.azurewebsites.net/rss,132746,0,241
1587669379056,131663,GET RSS,200,OK,GET RSS 1-434,text,true,,169195,178,80,80,https://rss-app.azurewebsites.net/rss,131406,0,226
1587669376656,134169,GET RSS,200,OK,GET RSS 1-430,text,true,,169195,178,79,79,https://rss-app.azurewebsites.net/rss,133936,0,588
1587669380256,130640,GET RSS,200,OK,GET RSS 1-436,text,true,,169195,178,78,78,https://rss-app.azurewebsites.net/rss,130464,0,223
1587669379656,131371,GET RSS,200,OK,GET RSS 1-435,text,true,,169195,178,77,77,https://rss-app.azurewebsites.net/rss,130316,0,189
1587669380855,131105,GET RSS,200,OK,GET RSS 1-437,text,true,,169195,178,76,76,https://rss-app.azurewebsites.net/rss,130390,0,242
1587669381455,136378,GET RSS,200,OK,GET RSS 1-438,text,true,,169195,178,75,75,https://rss-app.azurewebsites.net/rss,136139,0,158
1587669382656,135838,GET RSS,200,OK,GET RSS 1-440,text,true,,169195,178,74,74,https://rss-app.azurewebsites.net/rss,135404,0,170
1587669382056,136919,GET RSS,200,OK,GET RSS 1-439,text,true,,169195,178,73,73,https://rss-app.azurewebsites.net/rss,136646,0,163
1587669383256,135769,GET RSS,200,OK,GET RSS 1-441,text,true,,169195,178,72,72,https://rss-app.azurewebsites.net/rss,135467,0,183
1587669383856,135261,GET RSS,200,OK,GET RSS 1-442,text,true,,169195,178,71,71,https://rss-app.azurewebsites.net/rss,135006,0,280
1587669386256,133805,GET RSS,200,OK,GET RSS 1-446,text,true,,169195,178,70,70,https://rss-app.azurewebsites.net/rss,133535,0,325
1587669385657,134672,GET RSS,200,OK,GET RSS 1-445,text,true,,169195,178,69,69,https://rss-app.azurewebsites.net/rss,134464,0,379
1587669386855,133553,GET RSS,200,OK,GET RSS 1-447,text,true,,169195,178,68,68,https://rss-app.azurewebsites.net/rss,132763,0,241
1587669385055,135390,GET RSS,200,OK,GET RSS 1-444,text,true,,169195,178,67,67,https://rss-app.azurewebsites.net/rss,134261,0,255
1587669384455,136361,GET RSS,200,OK,GET RSS 1-443,text,true,,169195,178,66,66,https://rss-app.azurewebsites.net/rss,136121,0,423
1587669389257,132364,GET RSS,200,OK,GET RSS 1-451,text,true,,10766,178,65,65,https://rss-app.azurewebsites.net/rss,132364,0,192
1587669387455,134204,GET RSS,200,OK,GET RSS 1-448,text,true,,169195,178,64,64,https://rss-app.azurewebsites.net/rss,133982,0,289
1587669388655,138592,GET RSS,200,OK,GET RSS 1-450,text,true,,169195,178,63,63,https://rss-app.azurewebsites.net/rss,138140,0,513
1587669391056,136332,GET RSS,200,OK,GET RSS 1-454,text,true,,169195,178,62,62,https://rss-app.azurewebsites.net/rss,135969,0,262
1587669391657,136825,GET RSS,200,OK,GET RSS 1-455,text,true,,169195,178,61,61,https://rss-app.azurewebsites.net/rss,136621,0,230
1587669389855,138860,GET RSS,200,OK,GET RSS 1-452,text,true,,169195,178,60,60,https://rss-app.azurewebsites.net/rss,138656,0,198
1587669392856,136010,GET RSS,200,OK,GET RSS 1-457,text,true,,169195,178,59,59,https://rss-app.azurewebsites.net/rss,135816,0,894
1587669390455,138795,GET RSS,200,OK,GET RSS 1-453,text,true,,169195,178,58,58,https://rss-app.azurewebsites.net/rss,138358,0,304
1587669393455,136048,GET RSS,200,OK,GET RSS 1-458,text,true,,169195,178,57,57,https://rss-app.azurewebsites.net/rss,135817,0,319
1587669394055,135789,GET RSS,200,OK,GET RSS 1-459,text,true,,169195,178,56,56,https://rss-app.azurewebsites.net/rss,135567,0,233
1587669392258,137616,GET RSS,200,OK,GET RSS 1-456,text,true,,169195,178,55,55,https://rss-app.azurewebsites.net/rss,136853,0,1389
1587669394655,135671,GET RSS,200,OK,GET RSS 1-460,text,true,,169195,178,54,54,https://rss-app.azurewebsites.net/rss,135400,0,348
1587669388055,143283,GET RSS,200,OK,GET RSS 1-449,text,true,,169195,178,53,53,https://rss-app.azurewebsites.net/rss,143059,0,286
1587669395254,139663,GET RSS,200,OK,GET RSS 1-461,text,true,,169195,178,52,52,https://rss-app.azurewebsites.net/rss,139263,0,171
1587669395884,141292,GET RSS,200,OK,GET RSS 1-462,text,true,,169195,178,51,51,https://rss-app.azurewebsites.net/rss,140590,0,266
1587669396455,141322,GET RSS,200,OK,GET RSS 1-463,text,true,,169195,178,50,50,https://rss-app.azurewebsites.net/rss,140737,0,198
1587669397054,141204,GET RSS,200,OK,GET RSS 1-464,text,true,,169195,178,49,49,https://rss-app.azurewebsites.net/rss,141019,0,435
1587669397654,140806,GET RSS,200,OK,GET RSS 1-465,text,true,,169195,178,48,48,https://rss-app.azurewebsites.net/rss,140605,0,360
1587669398853,140237,GET RSS,200,OK,GET RSS 1-467,text,true,,169195,178,47,47,https://rss-app.azurewebsites.net/rss,140020,0,224
1587669399454,140208,GET RSS,200,OK,GET RSS 1-468,text,true,,169195,178,46,46,https://rss-app.azurewebsites.net/rss,140019,0,224
1587669398255,141501,GET RSS,200,OK,GET RSS 1-466,text,true,,169195,178,45,45,https://rss-app.azurewebsites.net/rss,140421,0,429
1587669400054,139748,GET RSS,200,OK,GET RSS 1-469,text,true,,169195,178,44,44,https://rss-app.azurewebsites.net/rss,139567,0,232
1587669400655,139849,GET RSS,200,OK,GET RSS 1-470,text,true,,169195,178,43,43,https://rss-app.azurewebsites.net/rss,139502,0,272
1587669401255,139361,GET RSS,200,OK,GET RSS 1-471,text,true,,169195,178,42,42,https://rss-app.azurewebsites.net/rss,138908,0,495
1587669401855,141824,GET RSS,200,OK,GET RSS 1-472,text,true,,169195,178,41,41,https://rss-app.azurewebsites.net/rss,141618,0,394
1587669402454,143690,GET RSS,200,OK,GET RSS 1-473,text,true,,169195,178,40,40,https://rss-app.azurewebsites.net/rss,143464,0,213
1587669403641,142546,GET RSS,200,OK,GET RSS 1-475,text,true,,169195,178,39,39,https://rss-app.azurewebsites.net/rss,142253,0,522
1587669404855,142137,GET RSS,200,OK,GET RSS 1-477,text,true,,169195,178,38,38,https://rss-app.azurewebsites.net/rss,141948,0,384
1587669403055,144160,GET RSS,200,OK,GET RSS 1-474,text,true,,169195,178,37,37,https://rss-app.azurewebsites.net/rss,143971,0,245
1587669404255,144422,GET RSS,200,OK,GET RSS 1-476,text,true,,169195,178,36,36,https://rss-app.azurewebsites.net/rss,144239,0,425
1587669407852,141224,GET RSS,200,OK,GET RSS 1-482,text,true,,169195,178,35,35,https://rss-app.azurewebsites.net/rss,141000,0,437
1587669405455,144314,GET RSS,200,OK,GET RSS 1-478,text,true,,169195,178,34,34,https://rss-app.azurewebsites.net/rss,144037,0,336
1587669406055,143865,GET RSS,200,OK,GET RSS 1-479,text,true,,169195,178,33,33,https://rss-app.azurewebsites.net/rss,143485,0,224
1587669406656,143495,GET RSS,200,OK,GET RSS 1-480,text,true,,169195,178,32,32,https://rss-app.azurewebsites.net/rss,143317,0,224
1587669407256,143002,GET RSS,200,OK,GET RSS 1-481,text,true,,169195,178,31,31,https://rss-app.azurewebsites.net/rss,142840,0,562
1587669408453,144080,GET RSS,200,OK,GET RSS 1-483,text,true,,169195,178,30,30,https://rss-app.azurewebsites.net/rss,143892,0,194
1587669409654,145056,GET RSS,200,OK,GET RSS 1-485,text,true,,169195,178,29,29,https://rss-app.azurewebsites.net/rss,144882,0,249
1587669410241,144660,GET RSS,200,OK,GET RSS 1-486,text,true,,169195,178,28,28,https://rss-app.azurewebsites.net/rss,144435,0,334
1587669409053,145884,GET RSS,200,OK,GET RSS 1-484,text,true,,169195,178,27,27,https://rss-app.azurewebsites.net/rss,145652,0,228
1587669410853,144767,GET RSS,200,OK,GET RSS 1-487,text,true,,169195,178,26,26,https://rss-app.azurewebsites.net/rss,144600,0,290
1587669412058,146570,GET RSS,200,OK,GET RSS 1-489,text,true,,169195,178,25,25,https://rss-app.azurewebsites.net/rss,146233,0,290
1587669411454,147370,GET RSS,200,OK,GET RSS 1-488,text,true,,169195,178,24,24,https://rss-app.azurewebsites.net/rss,146968,0,299
1587669415053,143972,GET RSS,200,OK,GET RSS 1-494,text,true,,169195,178,23,23,https://rss-app.azurewebsites.net/rss,143732,0,1016
1587669413254,146365,GET RSS,200,OK,GET RSS 1-491,text,true,,169195,178,22,22,https://rss-app.azurewebsites.net/rss,146165,0,528
1587669412653,147500,GET RSS,200,OK,GET RSS 1-490,text,true,,169528,178,21,21,https://rss-app.azurewebsites.net/rss,147270,0,1129
1587669414456,146019,GET RSS,200,OK,GET RSS 1-493,text,true,,169528,178,20,20,https://rss-app.azurewebsites.net/rss,145786,0,1576
1587669413853,146900,GET RSS,200,OK,GET RSS 1-492,text,true,,169528,178,19,19,https://rss-app.azurewebsites.net/rss,146146,0,1494
1587669415653,146488,GET RSS,200,OK,GET RSS 1-495,text,true,,169528,178,18,18,https://rss-app.azurewebsites.net/rss,146248,0,585
1587669417455,145111,GET RSS,200,OK,GET RSS 1-498,text,true,,169528,178,17,17,https://rss-app.azurewebsites.net/rss,144819,0,1100
1587669416254,146314,GET RSS,200,OK,GET RSS 1-496,text,true,,169528,178,17,17,https://rss-app.azurewebsites.net/rss,145992,0,757
1587669418055,145015,GET RSS,200,OK,GET RSS 1-499,text,true,,169528,178,15,15,https://rss-app.azurewebsites.net/rss,144827,0,1013
1587669418656,144612,GET RSS,200,OK,GET RSS 1-500,text,true,,169528,178,14,14,https://rss-app.azurewebsites.net/rss,144441,0,597
1587669416854,147096,GET RSS,200,OK,GET RSS 1-497,text,true,,169528,178,13,13,https://rss-app.azurewebsites.net/rss,145377,0,594
1587669158841,982529,GET RSS,Non HTTP response code: java.net.SocketException,Non HTTP response message: Socket closed,GET RSS 1-67,text,false,,2859,0,12,12,https://rss-app.azurewebsites.net/rss,0,0,1712
1587669234444,906928,GET RSS,Non HTTP response code: java.net.SocketException,Non HTTP response message: Socket closed,GET RSS 1-193,text,false,,2859,0,11,11,https://rss-app.azurewebsites.net/rss,0,0,1693
1587669319056,822318,GET RSS,Non HTTP response code: java.net.SocketException,Non HTTP response message: Socket closed,GET RSS 1-334,text,false,,2859,0,10,10,https://rss-app.azurewebsites.net/rss,0,0,2492
1587669181645,959732,GET RSS,Non HTTP response code: java.net.SocketException,Non HTTP response message: Socket closed,GET RSS 1-105,text,false,,2859,0,9,9,https://rss-app.azurewebsites.net/rss,0,0,8425
1587669158241,983138,GET RSS,Non HTTP response code: java.net.SocketException,Non HTTP response message: Socket closed,GET RSS 1-66,text,false,,2859,0,8,8,https://rss-app.azurewebsites.net/rss,0,0,2276
1587669286653,854728,GET RSS,Non HTTP response code: java.net.SocketException,Non HTTP response message: Socket closed,GET RSS 1-280,text,false,,2859,0,7,7,https://rss-app.azurewebsites.net/rss,0,0,1426
1587669182244,959142,GET RSS,Non HTTP response code: java.net.SocketException,Non HTTP response message: Socket closed,GET RSS 1-106,text,false,,2859,0,6,6,https://rss-app.azurewebsites.net/rss,0,0,2393
1587669335857,805531,GET RSS,Non HTTP response code: java.net.SocketException,Non HTTP response message: Socket closed,GET RSS 1-362,text,false,,2859,0,5,5,https://rss-app.azurewebsites.net/rss,0,0,2077
1587669361658,779732,GET RSS,Non HTTP response code: java.net.SocketException,Non HTTP response message: Socket closed,GET RSS 1-405,text,false,,2859,0,4,4,https://rss-app.azurewebsites.net/rss,0,0,1185
1587669361058,780333,GET RSS,Non HTTP response code: java.net.SocketException,Non HTTP response message: Socket closed,GET RSS 1-404,text,false,,2859,0,3,3,https://rss-app.azurewebsites.net/rss,0,0,1785
1587669170845,970546,GET RSS,Non HTTP response code: java.net.SocketException,Non HTTP response message: Socket closed,GET RSS 1-87,text,false,,2859,0,2,2,https://rss-app.azurewebsites.net/rss,0,0,1403
1587669347257,794136,GET RSS,Non HTTP response code: java.net.SocketException,Non HTTP response message: Socket closed,GET RSS 1-381,text,false,,2859,0,1,1,https://rss-app.azurewebsites.net/rss,0,0,4696
